{"cameraMode":{"drawMode":0,"name":"Shaded","section":"Shading Mode"},"sceneLighting":true,"audioPlay":false,"sceneViewState":{"showFog":false,"showMaterialUpdate":true,"showSkybox":true,"showFlares":true,"showImageEffects":true,"showParticleSystems":true},"in2DMode":false,"pivot":{"x":0.5464540123939514,"y":-16.464061737060548,"z":1.0076196193695069},"rotation":{"x":0.6884145736694336,"y":0.002613725373521447,"z":-0.0024747762363404037,"w":0.7253211736679077},"size":28.988256454467775,"orthographic":true}